Workbook

Sheet ＷＡＹ面談シート
A1: ＷＡＹ面談シート
B3: 所属 | E3: =IF(メンバ属性!A2="","",メンバ属性!A2) -> 東播磨県民局 / 加古川土木事務所 | X3: 職名 | AA3: =IF(メンバ属性!C2="","",メンバ属性!C2) -> 東播磨県民局加古川土木事務所所長補佐兼建設業課長 | AM3: 職種 | AP3: =IF(メンバ属性!B2="","",メンバ属性!B2) -> 総合
B4: 氏名 | E4: =IF(メンバ属性!D2="","",メンバ属性!D2) -> 栗田 直樹 | X4: 職員番号 | AA4: =IF(メンバ属性!E2="","",メンバ属性!E2) -> 90106 | AM4: 級 | AP4: =IF(メンバ属性!F2="1","行政職",IF(メンバ属性!F2="2","研究職",IF(メンバ属性!F2="3","医師・歯科医師職",IF(メンバ属性!F2="4","看護職",IF(メンバ属性!F2="9","技能労務職",""))))) -> 行政職 | AX4: =IF(メンバ属性!G2="","",メンバ属性!G2) -> 6 | AZ4: 級
I6: 1 【チャレンジ目標】 | X6: 2 【管理監督職はマネジメント目標】 | AM6: 3
B8: 業務目標 （期初） 100文字以内 | I8: =IF(属性!F2="","",属性!F2) -> 新規施策の立案と調整 前例のない業務改善施策（デジタルツールの導入や庁内手続の省力化など）について、自ら調査・提案。関係者との合意形成を図る。実現可能な落としどころを探り、粘り強く実行に移す。 | X8: =IF(属性!I2="","",属性!I2) -> 業務の効率化と質の向上 業務の洗い出しと見直しを行い、重要度の低い業務の廃止・集約を提案・実施。担当者の負担軽減と質の高い業務への集中を実現。共有ナレッジの整備を進める。 | AM8: =IF(属性!L2="","",属性!L2) -> 後進育成とナレッジの共有 これまでの経験・知見を活かし若手職員の業務支援と育成に取組む。特に「なぜこの仕事が必要か」「どうすれば効率的にできるか」といった本質的な問いかけを通じて思考の深掘りを促す。
B14: 進捗状況 (自己評価) | F14: (期中) | I14: =IF(属性!G2="","",属性!G2) -> 生成AI活用による業務改善を先導実践。WindsurfやGoogle AI Studioでﾎﾟﾓﾄﾞｰﾛﾀｲﾏｰを自作し課員に提供、職員の生産性向上に貢献。県推奨のkintoneを超越したﾊﾞｲﾌﾞｺｰﾃﾞｨﾝｸﾞ環境の必要性をAI研修で提言。ﾃﾞｼﾞﾀﾙ改革課の伴走支援事業への参画を建設業課長・土地調整官に働きかけ、予算要求への道筋を構築。 | X14: =IF(属性!J2="","",属性!J2) -> ｼｽﾃﾑ運用の抜本見直しを実行。非効率な住基ﾈｯﾄPC返還により業務負担を削減、登記情報連携ｼｽﾃﾑ導入で証明書添付省略を具現。HYOGOｺﾐｭﾆｹｰｼｮﾝﾎﾟﾘｼｰを率先垂範し、Teams一元化による内線電話抑止を推進。各層別ﾁｬﾝﾈﾙを特設し暗黙知の可視化を実現。共有ﾅﾚｯｼﾞの体系的拡張を図り、組織全体の生産性向上に寄与。 | AM14: =IF(属性!M2="","",属性!M2) -> 藻谷浩介氏との対話から得たWHAT(何が起こっているか)重視の問いかけ手法を後進育成に導入。生成AI活用による対話の質向上を図り本質的思考の深掘りを促進。多忙な業務環境下でもﾎﾜｲﾄ･ｽﾍﾟｰｽ確保に努め職員との継続的な対話機会を創出。経験知の体系的伝承と自律的思考力育成の両立を実践。
F20: (期末) | I20: =IF(属性!H2="","",属性!H2) | X20: =IF(属性!K2="","",属性!K2) | AM20: =IF(属性!N2="","",属性!N2)
X26: .
B27: ＷＡＹの実践に向け、重点的に取り組みたい価値観 (複数選択可) | F27: =IF(COUNTIF(属性!$O$2,"*県民本位*")=1,"〇","") | H27: 県民本位 | O27: 具体的な 行動目標 | S27: =IF(属性!P2="","",属性!P2) -> ・定例業務のスケジューリングを徹底し、突発業務への対応余力を常に確保する。 ・自ら資料を読み込み、上司や関係者に「先回り」した提案・対応を行う。 ・若手・同僚との意見交換を行い、現場の課題を掘り起こし、改善策に反映。 ・煩雑な業務を効率化するための工夫を提案・導入する。 | AH27: 伸ばしたいスキル、将来やりたい仕事、理想の働き方等 | AL27: =IF(属性!Q2="","",属性!Q2) -> 〈伸ばしたいスキル〉合意形成や意見集約の場面で求められる思考と対話の技術を強化したい。自分の意見を単なる主張で終わらせず、納得感を持って受け入れてもらえる力を磨く。 〈将来やりたい仕事〉制度や業務プロセスの抜本的な見直しを行い、「見えないムダ」や「やらなくてよい仕事」を可視化し、組織の生産性向上に寄与したい。若手職員のキャリア支援や育成にも携わり、「頑張ることが楽しい」と思える職場づくりに貢献したい。 〈理想の働き方〉自ら課題を設定し、答えを探る姿勢を忘れず、「面倒くさい」に挑む気持ちを持ち続けたい。最小の努力で最大の効果を生む「良いモノグサ」であり続けるために、努力の方向と質にこだわる働き方を目指す。
F29: =IF(COUNTIF(属性!$O$2,"*ダイバーシティ＆インクルージョン*")=1,"〇","") | H29: ダイバーシティ＆ インクルージョン
F31: =IF(COUNTIF(属性!$O$2,"*リ・チャレンジ*")=1,"〇","") -> 〇 | H31: リ・チャレンジ
F33: =IF(COUNTIF(属性!$O$2,"*ネットワーク*")=1,"〇","") | H33: ネットワーク
F35: =IF(COUNTIF(属性!$O$2,"*成長*")=1,"〇","") -> 〇 | H35: 成長

Sheet メンバ属性
A1: [組織]組織 | B1: [メンバ]職種 | C1: [計算属性]役職名（最新） | D1: [メンバ]氏名 | E1: [メンバ]職員CD | F1: [メンバ]表 | G1: [メンバ]級
A2: 東播磨県民局 / 加古川土木事務所 | B2: 総合 | C2: 東播磨県民局加古川土木事務所所長補佐兼建設業課長 | D2: 栗田 直樹 | E2: 90106 | F2: 1 | G2: 6

Sheet 属性
A1: (参照できない属性) | B1: (参照できない属性) | C1: (参照できない属性) | D1: (参照できない属性) | E1: [ミッション]対象シート | F1: [ミッション]チャレンジ目標（期初） | G1: [ミッション]進捗状況①（期中） | H1: [ミッション]進捗状況①（期末） | I1: [ミッション]その他の目標（期初） ※管理・監督職はマネジメント目標） | J1: [ミッション]進捗状況②（期中） | K1: [ミッション]進捗状況②（期末） | L1: [ミッション]その他の目標（期初） | M1: [ミッション]進捗状況③（期中） | N1: [ミッション]進捗状況③（期末） | O1: [ミッション]WAYの実践に向け、重点的に取り組みたい価値観（複数選択可） | P1: [ミッション]具体的な行動目標 | Q1: [ミッション]伸ばしたいスキル、将来やりたい仕事、理想の働き方等
E2: 本庁の副課長及びこれに準する者 | F2: 新規施策の立案と調整 前例のない業務改善施策（デジタルツールの導入や庁内手続の省力化など）について、自ら調査・提案。関係者との合意形成を図る。実現可能な落としどころを探り、粘り強く実行に移す。 | G2: 生成AI活用による業務改善を先導実践。WindsurfやGoogle AI Studioでﾎﾟﾓﾄﾞｰﾛﾀｲﾏｰを自作し課員に提供、職員の生産性向上に貢献。県推奨のkintoneを超越したﾊﾞｲﾌﾞｺｰﾃﾞｨﾝｸﾞ環境の必要性をAI研修で提言。ﾃﾞｼﾞﾀﾙ改革課の伴走支援事業への参画を建設業課長・土地調整官に働きかけ、予算要求への道筋を構築。 | I2: 業務の効率化と質の向上 業務の洗い出しと見直しを行い、重要度の低い業務の廃止・集約を提案・実施。担当者の負担軽減と質の高い業務への集中を実現。共有ナレッジの整備を進める。 | J2: ｼｽﾃﾑ運用の抜本見直しを実行。非効率な住基ﾈｯﾄPC返還により業務負担を削減、登記情報連携ｼｽﾃﾑ導入で証明書添付省略を具現。HYOGOｺﾐｭﾆｹｰｼｮﾝﾎﾟﾘｼｰを率先垂範し、Teams一元化による内線電話抑止を推進。各層別ﾁｬﾝﾈﾙを特設し暗黙知の可視化を実現。共有ﾅﾚｯｼﾞの体系的拡張を図り、組織全体の生産性向上に寄与。 | L2: 後進育成とナレッジの共有 これまでの経験・知見を活かし若手職員の業務支援と育成に取組む。特に「なぜこの仕事が必要か」「どうすれば効率的にできるか」といった本質的な問いかけを通じて思考の深掘りを促す。 | M2: 藻谷浩介氏との対話から得たWHAT(何が起こっているか)重視の問いかけ手法を後進育成に導入。生成AI活用による対話の質向上を図り本質的思考の深掘りを促進。多忙な業務環境下でもﾎﾜｲﾄ･ｽﾍﾟｰｽ確保に努め職員との継続的な対話機会を創出。経験知の体系的伝承と自律的思考力育成の両立を実践。 | O2: リ・チャレンジ, 成長 | P2: ・定例業務のスケジューリングを徹底し、突発業務への対応余力を常に確保する。 ・自ら資料を読み込み、上司や関係者に「先回り」した提案・対応を行う。 ・若手・同僚との意見交換を行い、現場の課題を掘り起こし、改善策に反映。 ・煩雑な業務を効率化するための工夫を提案・導入する。 | Q2: 〈伸ばしたいスキル〉合意形成や意見集約の場面で求められる思考と対話の技術を強化したい。自分の意見を単なる主張で終わらせず、納得感を持って受け入れてもらえる力を磨く。 〈将来やりたい仕事〉制度や業務プロセスの抜本的な見直しを行い、「見えないムダ」や「やらなくてよい仕事」を可視化し、組織の生産性向上に寄与したい。若手職員のキャリア支援や育成にも携わり、「頑張ることが楽しい」と思える職場づくりに貢献したい。 〈理想の働き方〉自ら課題を設定し、答えを探る姿勢を忘れず、「面倒くさい」に挑む気持ちを持ち続けたい。最小の努力で最大の効果を生む「良いモノグサ」であり続けるために、努力の方向と質にこだわる働き方を目指す。

Sheet Sheet4
